2021-2121,Emma Watson,BSCS
2020-7892,Chris Evans,BSChE
2019-3947,Scarlett Johansson,BSBA
2020-5148,Tom Holland,BSCpE
2021-7465,Natalie Portman,BSMetE
2020-9324,Robert Downey Jr.,BSCS
2021-4578,Chris Hemsworth,BSChE
2020-6235,Mark Ruffalo,BSBA
2021-7654,Jeremy Renner,BSIT
2020-8888,Brie Larson,BSED Bio
2021-4567,Paul Rudd,BSMetE
2020-1234,Elizabeth Olsen,BSChE
2021-6789,Chadwick Boseman,BSCS
2020-5678,Tessa Thompson,BAPan
2021-9876,Benedict Cumberbatch,BSBA
2020-3456,Zoe Saldana,BSCpE
2021-8765,Anthony Mackie,BSED Bio
2020-2345,Chris Pratt,BSMetE
2021-7653,Danai Gurira,BAPan
2021-2345,Ted Mosby,BSED Bio
2020-3456,Marshall Eriksen,BSBA
2019-4567,Lily Aldrin,BSChE
2021-5678,Barney Stinson,BSMetE
2020-6789,Robin Scherbatsky,BSCS
2021-7890,Joey Tribbiani,BSCpE
2020-8901,Chandler Bing,BSIT
2019-9012,Ross Geller,BSChE
2021-0123,Monica Geller,BSBA
2020-1234,Rachel Green,BSCS
2021-2346,Phoebe Buffay,BSMetE
2020-3457,Gunter,BSBA
2019-4568,Marshall Law,BSCS
2021-5679,Paul Phoenix,BSChE
2020-6790,King,BSMetE
2021-7901,Lawyer Morty,BSBA
2020-9013,Michael Schur,BSIT
2021-0124,Eleanor Shellstrop,BSChE
2020-1235,Chidi Anagonye,BSED Bio
2021-2347,Tahani Al-Jamil,BSBA
2020-3458,Jason Mendoza,BSCS
2019-4569,Janet,BSMetE
2021-5680,Raymond Holt,BSCpE
2020-6791,Jake Peralta,BSIT
2021-7902,Amy Santiago,BSChE
2020-9014,Terry Jeffords,BSBA
2021-0125,Rosa Diaz,BSMetE
2020-1236,Gina Linetti,BSCS
2021-2348,Cheddar,BSChE
2020-3459,Doug Judy,BSBA
2019-4570,Barney Fife,BSED Bio
2021-5681,Leslie Knope,BSCpE
2020-6792,Andy Dwyer,BSIT
2021-7903,April Ludgate,BSChE
2020-9015,Tom Haverford,BSBA
2021-0126,Donna Meagle,BSMetE
2020-1237,Michael Schur,BSBA
2021-2349,Eleanor Shellstrop,BSCS
2020-3460,Chidi Anagonye,BSCpE
2019-4571,Jason Mendoza,BSED Bio
2021-5682,Tahani Al-Jamil,BSBA
2020-6793,Janet,BSChE
2021-7904,Raymond Holt,BSIT
2020-9016,Jack Peralta,BSCS
2021-0127,Rosa Diaz,BSMetE
2020-1238,Gina Linetti,BSBA
2021-2350,Doug Judy,BSChE
2020-3461,Rachel Green,BSBA
2019-4572,Monica Geller,BSCS
2021-5683,Phoebe Buffay,BSChE
2020-6794,Joey Tribbiani,BSIT
2021-0995,George Christopher Daguman,BSIT
2019-6490,Kessie Marie Canoy,BAPan
2019-2011,John Mayer,BSIT
2021-3201,James Reid,BAPan
2019-1987,Joseph Palma,BSIT
2021-8828,Kanye Waste,BSIT
2021-8872,Geo Dags,BSIT

